"Day","階段","主題","標題","閱讀目標","分鐘","題數","網站"
"1","建立閱讀習慣","校園故事","The Missing Wallet","從人物的行動找出原因與個性","10","6","https://alger68.github.io/JHSEE-English-Adventure/#lesson/1"
"2","建立閱讀習慣","日常生活","A Lunch Worth Sharing","抓住問題、轉折與解決方式","10","6","https://alger68.github.io/JHSEE-English-Adventure/#lesson/2"
"3","建立閱讀習慣","對話／訊息","The Message Before Practice","比對訊息中的時間、地點與條件","10","6","https://alger68.github.io/JHSEE-English-Adventure/#lesson/3"
"4","建立閱讀習慣","科普閱讀","The Mystery of the Wet Cup","用實驗線索分清觀察與解釋","10","6","https://alger68.github.io/JHSEE-English-Adventure/#lesson/4"
"5","建立閱讀習慣","公告／資訊閱讀","One Ticket, Two Choices","比對活動時間、價格與報名限制","10","6","https://alger68.github.io/JHSEE-English-Adventure/#lesson/5"
"6","建立閱讀習慣","每週 Boss","Boss: The Fair That Almost Failed","整合兩份資料，完成本週挑戰","12","9","https://alger68.github.io/JHSEE-English-Adventure/#lesson/6"
"7","建立閱讀習慣","單字與錯題復活","The Second-Try Club","用文章證據修正答案，整理一週收穫","10","6","https://alger68.github.io/JHSEE-English-Adventure/#lesson/7"
"8","建立閱讀習慣","對話／訊息","A Map for Everyone","找出問題，判斷哪個修改真正有幫助","10","6","https://alger68.github.io/JHSEE-English-Adventure/#lesson/8"
"9","建立閱讀習慣","科普閱讀","The Invisible Road of Ants","理解螞蟻如何利用氣味訊號選擇並改變路線","10","6","https://alger68.github.io/JHSEE-English-Adventure/#lesson/9"
"10","建立閱讀習慣","公告／資訊閱讀","Books After Closing Time","整合公告中的日期、時間限制與借還書規則","10","6","https://alger68.github.io/JHSEE-English-Adventure/#lesson/10"
"11","建立閱讀習慣","每週 Boss","Boss: The Ice-Cup Challenge","整合實驗步驟、數據與討論，判斷證據能支持到什麼程度","10","9","https://alger68.github.io/JHSEE-English-Adventure/#lesson/11"
"12","建立閱讀習慣","單字與錯題復活","The Five-Card Word Rescue","利用上下文證據複習近期單字，並練習說明修正答案的理由","10","6","https://alger68.github.io/JHSEE-English-Adventure/#lesson/12"
"13","建立閱讀習慣","校園故事","The Extra Point","分辨發現錯誤、修正行動與公平理由。","10","6","https://alger68.github.io/JHSEE-English-Adventure/#lesson/13"
"14","建立閱讀習慣","日常生活","Two Loaves at the Door","分辨重複配送、原訂數量與負責處理。","10","6","https://alger68.github.io/JHSEE-English-Adventure/#lesson/14"
"15","建立閱讀習慣","對話／訊息","The Photo We Can Share","從對話中辨識同意範圍與最後決定。","10","6","https://alger68.github.io/JHSEE-English-Adventure/#lesson/15"
"16","建立閱讀習慣","科普閱讀","A Fair Test Needs a Record","區分實驗觀察、推測與紀錄的限制。","10","6","https://alger68.github.io/JHSEE-English-Adventure/#lesson/16"
"17","建立閱讀習慣","公告／資訊閱讀","Borrow It, Bring It Back","從公告判讀借用期限、責任與例外。","10","6","https://alger68.github.io/JHSEE-English-Adventure/#lesson/17"
"18","建立閱讀習慣","每週 Boss","Boss: The Class Fund Puzzle","整合收據、現金紀錄與對話，找出合理解釋。","15","9","https://alger68.github.io/JHSEE-English-Adventure/#lesson/18"
"19","建立閱讀習慣","單字與錯題復活","The Clue Card Exchange","回收本週字詞，練習用上下文說明答案。","10","6","https://alger68.github.io/JHSEE-English-Adventure/#lesson/19"
"20","建立閱讀習慣","校園故事","The Ten-Minute Gap","讀懂時間順序，判斷短空檔適合完成的任務。","10","6","https://alger68.github.io/JHSEE-English-Adventure/#lesson/20"
"21","建立閱讀習慣","日常生活","Dinner Before the Deadline","利用開放時間與準備時間倒推行動。","10","6","https://alger68.github.io/JHSEE-English-Adventure/#lesson/21"
"22","建立閱讀習慣","對話／訊息","Which Meeting Is the Final One?","辨識訊息更新後的時間、地点與人數。","10","6","https://alger68.github.io/JHSEE-English-Adventure/#lesson/22"
"23","建立閱讀習慣","科普閱讀","The Bell and the Puzzle","從實驗紀錄理解中斷、比較與證據限制。","10","6","https://alger68.github.io/JHSEE-English-Adventure/#lesson/23"
"24","建立閱讀習慣","公告／資訊閱讀","Thirty Minutes in the Maker Room","讀懂預約、截止時間與最後使用時段。","10","6","https://alger68.github.io/JHSEE-English-Adventure/#lesson/24"
"25","建立閱讀習慣","每週 Boss","Boss: The Library Window","整合行程表、任務長度、截止時間與緩衝。","15","9","https://alger68.github.io/JHSEE-English-Adventure/#lesson/25"
"26","建立閱讀習慣","單字與錯題復活","Five Words, One Better Plan","透過新情境複習時間字詞，區分完成與熟悉。","10","6","https://alger68.github.io/JHSEE-English-Adventure/#lesson/26"
"27","建立閱讀習慣","校園故事","One Bowl, Twelve Cups","分辨容器容量、供應份量與公平分配。","10","6","https://alger68.github.io/JHSEE-English-Adventure/#lesson/27"
"28","建立閱讀習慣","日常生活","The Bigger Bag Is Not the Better Deal","比較總價、單價與真正需求。","10","6","https://alger68.github.io/JHSEE-English-Adventure/#lesson/28"
"29","建立閱讀習慣","對話／訊息","Lunch for Three Different Plans","整合對話中的個人條件與共用訂單。","10","6","https://alger68.github.io/JHSEE-English-Adventure/#lesson/29"
"30","建立閱讀習慣","科普閱讀","Same Juice, Different Labels","分辨產品名稱、盲測資料與樣本限制。","10","6","https://alger68.github.io/JHSEE-English-Adventure/#lesson/30"
"31","建立閱讀習慣","公告／資訊閱讀","Order Today, Eat Tomorrow","判讀預訂、變更、取消與付款規則。","10","6","https://alger68.github.io/JHSEE-English-Adventure/#lesson/31"
"32","建立閱讀習慣","每週 Boss","Boss: The Free-Delivery Question","整合餐點需求、免運門檻與總預算，避免只看促銷。","15","9","https://alger68.github.io/JHSEE-English-Adventure/#lesson/32"
"33","建立閱讀習慣","單字與錯題復活","The Recipe Card Repair","在新情境中複習份量、食材、確認與價格用語。","10","6","https://alger68.github.io/JHSEE-English-Adventure/#lesson/33"
"34","建立閱讀習慣","校園故事","A Sign at the Wrong Gate","整合位置、封閉通知與替代路線。","10","6","https://alger68.github.io/JHSEE-English-Adventure/#lesson/34"
"35","建立閱讀習慣","日常生活","The Ticket for Two Rides","依實際搭乘次數比較票價，分辨確定與可能行程。","10","6","https://alger68.github.io/JHSEE-English-Adventure/#lesson/35"
"36","讀懂條件與事件","對話／訊息","The Umbrella Message","依訊息修正集合地點，分辨物品與時間。","10","6","https://alger68.github.io/JHSEE-English-Adventure/#lesson/36"
"37","讀懂條件與事件","科普閱讀","Seeds on Two Shelves","從實驗紀錄區分改變條件與共同條件。","10","6","https://alger68.github.io/JHSEE-English-Adventure/#lesson/37"
"38","讀懂條件與事件","公告／資訊閱讀","Saturday Repair Desk","整合公告中的預約、收件與取件規則。","10","6","https://alger68.github.io/JHSEE-English-Adventure/#lesson/38"
"39","讀懂條件與事件","每週 Boss","Boss: Three Jobs Before the Show","結合工作表、時間與依賴關係安排任務。","15","9","https://alger68.github.io/JHSEE-English-Adventure/#lesson/39"
"40","讀懂條件與事件","單字與錯題復活","The Word Desk Switch","將本週字詞放回語境，依線索修正理解。","10","6","https://alger68.github.io/JHSEE-English-Adventure/#lesson/40"
"41","讀懂條件與事件","校園故事","A Quiet Welcome","以人物行動推論需要，避免替他人做決定。","10","6","https://alger68.github.io/JHSEE-English-Adventure/#lesson/41"
"42","讀懂條件與事件","日常生活","The Receipt in the Pocket","從消費紀錄核對金額，判斷退換條件。","10","6","https://alger68.github.io/JHSEE-English-Adventure/#lesson/42"
"43","讀懂條件與事件","對話／訊息","The Museum Audio Plan","追蹤對話中的器材限制與替代安排。","10","6","https://alger68.github.io/JHSEE-English-Adventure/#lesson/43"
"44","讀懂條件與事件","科普閱讀","A Paper Plane Record","以平均與重複測試判讀資料。","10","6","https://alger68.github.io/JHSEE-English-Adventure/#lesson/44"
"45","讀懂條件與事件","公告／資訊閱讀","The Refill Bottle Notice","分清公告中的折扣、容量及例外條件。","10","6","https://alger68.github.io/JHSEE-English-Adventure/#lesson/45"
"46","讀懂條件與事件","每週 Boss","Boss: Reading Picnic Routes","跨公告與訊息安排符合限制的行程。","15","9","https://alger68.github.io/JHSEE-English-Adventure/#lesson/46"
"47","讀懂條件與事件","單字與錯題復活","Five Words at the Cafe","重讀句子找出限制語與相對應詞義。","10","6","https://alger68.github.io/JHSEE-English-Adventure/#lesson/47"
"48","讀懂條件與事件","校園故事","The Empty Chair Vote","區分未出席與反對，判讀投票紀錄。","10","6","https://alger68.github.io/JHSEE-English-Adventure/#lesson/48"
"49","讀懂條件與事件","日常生活","A Parcel for the Next Door","依地址與聯絡方式處理誤送物件。","10","6","https://alger68.github.io/JHSEE-English-Adventure/#lesson/49"
"50","讀懂條件與事件","對話／訊息","Which Recording Is the Final One?","辨認訊息中的版本與更正，排除舊檔。","10","6","https://alger68.github.io/JHSEE-English-Adventure/#lesson/50"
"51","讀懂條件與事件","科普閱讀","Reading a Shadow Log","依觀察表判斷變化，區別紀錄與推論。","10","6","https://alger68.github.io/JHSEE-English-Adventure/#lesson/51"
"52","讀懂條件與事件","公告／資訊閱讀","A Room for Two Activities","從場地公告整理時段、用途與準備時間。","10","6","https://alger68.github.io/JHSEE-English-Adventure/#lesson/52"
"53","讀懂條件與事件","每週 Boss","Boss: The Volunteer Bus","跨乘車表與任務條件計算可行時程。","15","9","https://alger68.github.io/JHSEE-English-Adventure/#lesson/53"
"54","讀懂條件與事件","單字與錯題復活","The Timetable Detective","練習先找時間關係，再解釋選項。","10","6","https://alger68.github.io/JHSEE-English-Adventure/#lesson/54"
"55","讀懂條件與事件","校園故事","The Poster with No Names","從同意與修改流程理解作品分享。","10","6","https://alger68.github.io/JHSEE-English-Adventure/#lesson/55"
"56","讀懂條件與事件","日常生活","The Sweater on the Line","追蹤處理衣物的步驟與事後修正。","10","6","https://alger68.github.io/JHSEE-English-Adventure/#lesson/56"
"57","讀懂條件與事件","對話／訊息","A Photo Before the Cleanup","核對照片用途與拍攝時間，分辨證據與宣傳。","10","6","https://alger68.github.io/JHSEE-English-Adventure/#lesson/57"
"58","讀懂條件與事件","科普閱讀","The Towel Drying Test","找出實驗中的混淆條件與改善方法。","10","6","https://alger68.github.io/JHSEE-English-Adventure/#lesson/58"
"59","讀懂條件與事件","公告／資訊閱讀","The Swap Table Rules","整合物品交換規則與票券使用限制。","10","6","https://alger68.github.io/JHSEE-English-Adventure/#lesson/59"
"60","讀懂條件與事件","每週 Boss","Boss: A Lunch Order That Fits","把預算、飲食需求及配送門檻一起納入選擇。","15","9","https://alger68.github.io/JHSEE-English-Adventure/#lesson/60"
"61","讀懂條件與事件","單字與錯題復活","A Better Way to Keep Notes","使用具體線索複習字義與避免重複錯誤。","10","6","https://alger68.github.io/JHSEE-English-Adventure/#lesson/61"
"62","讀懂條件與事件","校園故事","The Team Behind the Scoreboard","辨別被看見的成果與幕後貢獻。","10","6","https://alger68.github.io/JHSEE-English-Adventure/#lesson/62"
"63","讀懂條件與事件","日常生活","The Last Seat at the Salon","從候位與服務長度安排日常時間。","10","6","https://alger68.github.io/JHSEE-English-Adventure/#lesson/63"
"64","讀懂條件與事件","對話／訊息","The Recipe That Changed Twice","追蹤配方更新，區分必要條件與口味偏好。","10","6","https://alger68.github.io/JHSEE-English-Adventure/#lesson/64"
"65","讀懂條件與事件","科普閱讀","Counting Sounds Carefully","辨認主觀評估與測量限制。","10","6","https://alger68.github.io/JHSEE-English-Adventure/#lesson/65"
"66","讀懂條件與事件","公告／資訊閱讀","Borrow a Costume, Return a Set","核對借用清單、歸還與污損處理。","10","6","https://alger68.github.io/JHSEE-English-Adventure/#lesson/66"
"67","讀懂條件與事件","每週 Boss","Boss: The Costume Count","交叉核對庫存、損壞數與所需整套數。","15","9","https://alger68.github.io/JHSEE-English-Adventure/#lesson/67"
"68","讀懂條件與事件","單字與錯題復活","The Card with Two Possible Answers","辨識含糊題幹並用補充線索改善。","10","6","https://alger68.github.io/JHSEE-English-Adventure/#lesson/68"
"69","讀懂條件與事件","校園故事","The Question Nobody Asked","以重述確認分工，區分聽見與理解。","10","6","https://alger68.github.io/JHSEE-English-Adventure/#lesson/69"
"70","讀懂條件與事件","日常生活","A Different Kind of Gift","由行為與回應推論禮物的意義。","10","6","https://alger68.github.io/JHSEE-English-Adventure/#lesson/70"
"71","整合多項資訊","對話／訊息","One Tablet, Two Deadlines","依完成期限與裝置需求協調借用。","10","6","https://alger68.github.io/JHSEE-English-Adventure/#lesson/71"
"72","整合多項資訊","科普閱讀","Remembering Shapes in Order","區分測驗順序效應與單一因素結論。","10","6","https://alger68.github.io/JHSEE-English-Adventure/#lesson/72"
"73","整合多項資訊","公告／資訊閱讀","Printing Without Surprises","理解收費單位與紙張面數。","10","6","https://alger68.github.io/JHSEE-English-Adventure/#lesson/73"
"74","整合多項資訊","每週 Boss","Boss: Six Copies of the Report","整合列印頁數、份數、費率及截止時間。","15","9","https://alger68.github.io/JHSEE-English-Adventure/#lesson/74"
"75","整合多項資訊","單字與錯題復活","The Page, the Sheet, and the Side","以語境區分相近單字和計數單位。","10","6","https://alger68.github.io/JHSEE-English-Adventure/#lesson/75"
"76","整合多項資訊","校園故事","The Helpful Note That Grew Too Long","依讀者目的選取重點，辨識資訊優先順序。","10","6","https://alger68.github.io/JHSEE-English-Adventure/#lesson/76"
"77","整合多項資訊","日常生活","The Map Facing the Wrong Way","比對方向與地標，修正視角造成的誤讀。","10","6","https://alger68.github.io/JHSEE-English-Adventure/#lesson/77"
"78","整合多項資訊","對話／訊息","The Interview We Can Actually Use","理解採訪問題與回答資料是否對應。","10","6","https://alger68.github.io/JHSEE-English-Adventure/#lesson/78"
"79","整合多項資訊","科普閱讀","Which Surface Holds the Drop?","依描述判斷觀察指標與推論界線。","10","6","https://alger68.github.io/JHSEE-English-Adventure/#lesson/79"
"80","整合多項資訊","公告／資訊閱讀","The Community Story Wall","判斷投稿資格、字數與公開選項。","10","6","https://alger68.github.io/JHSEE-English-Adventure/#lesson/80"
"81","整合多項資訊","每週 Boss","Boss: The Story Wall Layout","整合版面容量、字數與展示規格。","15","9","https://alger68.github.io/JHSEE-English-Adventure/#lesson/81"
"82","整合多項資訊","單字與錯題復活","The Words Behind a Clear Report","從資料用途推論字詞，練習精準表達。","10","6","https://alger68.github.io/JHSEE-English-Adventure/#lesson/82"
"83","整合多項資訊","校園故事","The Shortcut in the Group Report","辨識資料來源可支持的結論範圍。","10","6","https://alger68.github.io/JHSEE-English-Adventure/#lesson/83"
"84","整合多項資訊","日常生活","The Restaurant List with One Review","判讀評論與個人需求，避免單一經驗過度推廣。","10","6","https://alger68.github.io/JHSEE-English-Adventure/#lesson/84"
"85","整合多項資訊","對話／訊息","The Ticket Date Correction","核對訂票訊息中的截止日及更改條件。","10","6","https://alger68.github.io/JHSEE-English-Adventure/#lesson/85"
"86","整合多項資訊","科普閱讀","A Chart with a Missing Afternoon","辨識缺失資料，避免把未測量當零。","10","6","https://alger68.github.io/JHSEE-English-Adventure/#lesson/86"
"87","整合多項資訊","公告／資訊閱讀","Parking for the Evening Fair","讀取地圖式公告中的方向與通行限制。","10","6","https://alger68.github.io/JHSEE-English-Adventure/#lesson/87"
"88","整合多項資訊","每週 Boss","Boss: Arriving Before the Curtain","以不同交通方案的總時間決定可行選項。","15","9","https://alger68.github.io/JHSEE-English-Adventure/#lesson/88"
"89","整合多項資訊","單字與錯題復活","The Missing Number Review","用精確字詞描述紀錄、估計與時間限制。","10","6","https://alger68.github.io/JHSEE-English-Adventure/#lesson/89"
"90","整合多項資訊","校園故事","A Role That Fits the Voice","以實際需求解讀分工，避免把選角當總能力評價。","10","6","https://alger68.github.io/JHSEE-English-Adventure/#lesson/90"
"91","整合多項資訊","日常生活","Watering While They Are Away","整合每日表與例外條件，避免重複執行。","10","6","https://alger68.github.io/JHSEE-English-Adventure/#lesson/91"
"92","整合多項資訊","對話／訊息","A Faster Practice, or a Shorter One?","比對運動紀錄的距離與時間，避免只看數字大小。","10","6","https://alger68.github.io/JHSEE-English-Adventure/#lesson/92"
"93","整合多項資訊","科普閱讀","Seeds on the Wool Square","辨識樣本觀察與普遍結論的差距。","10","6","https://alger68.github.io/JHSEE-English-Adventure/#lesson/93"
"94","整合多項資訊","公告／資訊閱讀","Planetarium Visit Options","從節目表、語言及進場條件選擇場次。","10","6","https://alger68.github.io/JHSEE-English-Adventure/#lesson/94"
"95","整合多項資訊","每週 Boss","Boss: A Morning Under the Stars","串連節目、移動、取票與預算條件。","15","9","https://alger68.github.io/JHSEE-English-Adventure/#lesson/95"
"96","整合多項資訊","單字與錯題復活","Before, After, and Enough","在新情境中辨別期限、時長與預留時間。","10","6","https://alger68.github.io/JHSEE-English-Adventure/#lesson/96"
"97","整合多項資訊","校園故事","The Phone Box Exception","追蹤一般規則與經核准的例外。","10","6","https://alger68.github.io/JHSEE-English-Adventure/#lesson/97"
"98","整合多項資訊","日常生活","A Birthday in Two Calendars","核對日期來源與溝通方式，避免替人猜測。","10","6","https://alger68.github.io/JHSEE-English-Adventure/#lesson/98"
"99","整合多項資訊","對話／訊息","When the Practice Moves Indoors","追蹤條件式安排及最後通知的效力。","10","6","https://alger68.github.io/JHSEE-English-Adventure/#lesson/99"
"100","整合多項資訊","科普閱讀","Two Bins, Different Groups","辨認比例的分母，避免只比件數。","10","6","https://alger68.github.io/JHSEE-English-Adventure/#lesson/100"
"101","整合多項資訊","公告／資訊閱讀","The Workshop Deposit","區分費用、押金、付款與退還條件。","10","6","https://alger68.github.io/JHSEE-English-Adventure/#lesson/101"
"102","整合多項資訊","每週 Boss","Boss: Workshop Money and Minutes","將押金現金流與課程前後時間分開計算。","15","9","https://alger68.github.io/JHSEE-English-Adventure/#lesson/102"
"103","整合多項資訊","單字與錯題復活","Money Words That Change the Answer","區分暫付、永久費用與當下可用金額。","10","6","https://alger68.github.io/JHSEE-English-Adventure/#lesson/103"
"104","整合多項資訊","校園故事","A Practice Plan with One Hard Bar","理解練習策略與回饋證據的關係。","10","6","https://alger68.github.io/JHSEE-English-Adventure/#lesson/104"
"105","整合多項資訊","日常生活","The Price on the Small Card","辨識一次性費用與持續費用，計算指定期間總額。","10","6","https://alger68.github.io/JHSEE-English-Adventure/#lesson/105"
"106","核對來源與觀點","對話／訊息","The Quote with a Missing Sentence","核對引述前後文，分辨刪節是否改變原意。","10","6","https://alger68.github.io/JHSEE-English-Adventure/#lesson/106"
"107","核對來源與觀點","科普閱讀","The Sunlit Cloth Squares","判斷資料可支持的結論及未控制變因。","10","6","https://alger68.github.io/JHSEE-English-Adventure/#lesson/107"
"108","核對來源與觀點","公告／資訊閱讀","The Exhibit Explorer Card","整合場館票卡與活動場次的適用範圍。","10","6","https://alger68.github.io/JHSEE-English-Adventure/#lesson/108"
"109","核對來源與觀點","每週 Boss","Boss: The Misplaced Exhibit Labels","交叉比對清單與物件特徵，找出唯一配對。","15","9","https://alger68.github.io/JHSEE-English-Adventure/#lesson/109"
"110","核對來源與觀點","單字與錯題復活","A Word's Job in the Sentence","藉搭配與句中功能辨別抽象字義。","10","6","https://alger68.github.io/JHSEE-English-Adventure/#lesson/110"
"111","核對來源與觀點","校園故事","The Science Fair Title Debate","使標題強度符合實際研究證據。","10","6","https://alger68.github.io/JHSEE-English-Adventure/#lesson/111"
"112","核對來源與觀點","日常生活","The Refill Pack Comparison","區分總價與單位價格，將需求納入購買。","10","6","https://alger68.github.io/JHSEE-English-Adventure/#lesson/112"
"113","核對來源與觀點","對話／訊息","Renewed, but Not Forever","核對借閱延期成功與可續借條件。","10","6","https://alger68.github.io/JHSEE-English-Adventure/#lesson/113"
"114","核對來源與觀點","科普閱讀","The Letter Behind the Lens","區分看見的影像與物件本身的變化。","10","6","https://alger68.github.io/JHSEE-English-Adventure/#lesson/114"
"115","核對來源與觀點","公告／資訊閱讀","An Audio Walk You Can Pause","理解自助導覽的路線、安全與使用方式。","10","6","https://alger68.github.io/JHSEE-English-Adventure/#lesson/115"
"116","核對來源與觀點","每週 Boss","Boss: Two Notices for One Lost Bag","跨兩份訊息找共同特徵並排除衝突。","15","9","https://alger68.github.io/JHSEE-English-Adventure/#lesson/116"
"117","核對來源與觀點","單字與錯題復活","One Detail Is Not the Whole Picture","綜合本週字詞理解核對與判斷。","10","6","https://alger68.github.io/JHSEE-English-Adventure/#lesson/117"
"118","核對來源與觀點","校園故事","The Survey Box Left Blank","區分未回覆、無意見與反對的資料意義。","10","6","https://alger68.github.io/JHSEE-English-Adventure/#lesson/118"
"119","核對來源與觀點","日常生活","The Used Puzzle Check","用清單驗證二手物品，區分描述與確認。","10","6","https://alger68.github.io/JHSEE-English-Adventure/#lesson/119"
"120","核對來源與觀點","對話／訊息","The Interview in Two Languages","區分逐字引述、翻譯與摘要。","10","6","https://alger68.github.io/JHSEE-English-Adventure/#lesson/120"
"121","核對來源與觀點","科普閱讀","Air, Sunlight, and the Reading","辨認測量對象與感測器環境。","10","6","https://alger68.github.io/JHSEE-English-Adventure/#lesson/121"
"122","核對來源與觀點","公告／資訊閱讀","Swimming Lane Booking Notice","區分場地預約與個人入場條件。","10","6","https://alger68.github.io/JHSEE-English-Adventure/#lesson/122"
"123","核對來源與觀點","每週 Boss","Boss: What the Club Vote Shows","以投票規則、回覆狀態與假設情境推論。","15","9","https://alger68.github.io/JHSEE-English-Adventure/#lesson/123"
"124","核對來源與觀點","單字與錯題復活","The Cards for Careful Claims","區分已知、假設與需確認的資訊。","10","6","https://alger68.github.io/JHSEE-English-Adventure/#lesson/124"
"125","核對來源與觀點","校園故事","The Coupon That Starts Tomorrow","核對優惠有效期及最低消費條件。","10","6","https://alger68.github.io/JHSEE-English-Adventure/#lesson/125"
"126","核對來源與觀點","日常生活","The Bus Stop Name Has Moved","以路線方向與現場標示核對乘車資訊。","10","6","https://alger68.github.io/JHSEE-English-Adventure/#lesson/126"
"127","核對來源與觀點","對話／訊息","The Class Photo Link","辨識連結分享範圍與下載權限。","10","6","https://alger68.github.io/JHSEE-English-Adventure/#lesson/127"
"128","核對來源與觀點","科普閱讀","Averages on the Class Thermometer","由每日數據理解平均值無法呈現的差異。","10","6","https://alger68.github.io/JHSEE-English-Adventure/#lesson/128"
"129","核對來源與觀點","公告／資訊閱讀","A Notice About Notice Changes","依版本日期與修改摘要辨認現行規則。","10","6","https://alger68.github.io/JHSEE-English-Adventure/#lesson/129"
"130","核對來源與觀點","每週 Boss","Boss: Matching the Outlet Slots","在場地限制、時間重疊與器材數量間做安排。","15","9","https://alger68.github.io/JHSEE-English-Adventure/#lesson/130"
"131","核對來源與觀點","單字與錯題復活","The Unchanged Detail Hunt","辨別版本差異、持續有效事項及相對位置詞。","10","6","https://alger68.github.io/JHSEE-English-Adventure/#lesson/131"
"132","核對來源與觀點","校園故事","Paper for Another Draft","從處理流程推論兼顧節省與隱私的做法。","10","6","https://alger68.github.io/JHSEE-English-Adventure/#lesson/132"
"133","核對來源與觀點","日常生活","One Cup, Two Sizes","理解單位定義並換算食譜中的容量。","10","6","https://alger68.github.io/JHSEE-English-Adventure/#lesson/133"
"134","核對來源與觀點","對話／訊息","The Route in the Old Recording","比較靜態教材與現場更新，找有效路線。","10","6","https://alger68.github.io/JHSEE-English-Adventure/#lesson/134"
"135","核對來源與觀點","科普閱讀","A Faster Melt with Two Changes","辨認多項條件同時改變造成的歸因問題。","10","6","https://alger68.github.io/JHSEE-English-Adventure/#lesson/135"
"136","核對來源與觀點","公告／資訊閱讀","The Shared Printer Queue","依佇列規則、截止與確認資訊安排工作。","10","6","https://alger68.github.io/JHSEE-English-Adventure/#lesson/136"
"137","核對來源與觀點","每週 Boss","Boss: The Fair Notice Conflict","以新版優先和不變事項整合兩份通知。","15","9","https://alger68.github.io/JHSEE-English-Adventure/#lesson/137"
"138","核對來源與觀點","單字與錯題復活","The Queue Card Review","用語境分辨順序、狀態、臨時安排與影響因素。","10","6","https://alger68.github.io/JHSEE-English-Adventure/#lesson/138"
"139","核對來源與觀點","校園故事","The Leader Who Listened Last","推論提問順序如何影響團體意見表達。","10","6","https://alger68.github.io/JHSEE-English-Adventure/#lesson/139"
"140","核對來源與觀點","日常生活","The Shoes That Fit Yesterday","核對商品尺寸資訊與實際試穿情境。","10","6","https://alger68.github.io/JHSEE-English-Adventure/#lesson/140"
"141","解釋推論依據","對話／訊息","The Source We Haven't Opened","區分搜尋摘要、原始資料與已核實資訊。","10","6","https://alger68.github.io/JHSEE-English-Adventure/#lesson/141"
"142","解釋推論依據","科普閱讀","Paper Helicopters on a Timer","由重複量測辨別差距與測量不確定性。","10","6","https://alger68.github.io/JHSEE-English-Adventure/#lesson/142"
"143","解釋推論依據","公告／資訊閱讀","Reading Night Reservations","整合名額、取消釋出與家長陪同規定。","10","6","https://alger68.github.io/JHSEE-English-Adventure/#lesson/143"
"144","解釋推論依據","每週 Boss","Boss: Ten Tables for the Evening","整合桌位、人數與候補狀態的不同計數。","15","9","https://alger68.github.io/JHSEE-English-Adventure/#lesson/144"
"145","解釋推論依據","單字與錯題復活","Capacity Is Not a Reservation","複習數據總量、程序狀態與替換。","10","6","https://alger68.github.io/JHSEE-English-Adventure/#lesson/145"
"146","解釋推論依據","校園故事","A Larger Page for the Same Story","理解學習工具差異與相同任務目標。","10","6","https://alger68.github.io/JHSEE-English-Adventure/#lesson/146"
"147","解釋推論依據","日常生活","The Walk with a Gap in the Line","理解裝置紀錄缺漏與實際行程的差異。","10","6","https://alger68.github.io/JHSEE-English-Adventure/#lesson/147"
"148","解釋推論依據","對話／訊息","Delivered Does Not Mean Read","區分訊息傳送、閱讀與回覆確認。","10","6","https://alger68.github.io/JHSEE-English-Adventure/#lesson/148"
"149","解釋推論依據","科普閱讀","Pebbles from the Top of the Jar","理解取樣位置與樣本偏差。","10","6","https://alger68.github.io/JHSEE-English-Adventure/#lesson/149"
"150","解釋推論依據","公告／資訊閱讀","The Quiet Museum Morning","辨識服務調整與一般入場规则的關係。","10","6","https://alger68.github.io/JHSEE-English-Adventure/#lesson/150"
"151","解釋推論依據","每週 Boss","Boss: A Book for Each Reader","跨書目特徵與讀者需求做選擇。","15","9","https://alger68.github.io/JHSEE-English-Adventure/#lesson/151"
"152","解釋推論依據","單字與錯題復活","The Review of Small Qualifications","找出限定詞對句意與選項的影響。","10","6","https://alger68.github.io/JHSEE-English-Adventure/#lesson/152"
"153","解釋推論依據","校園故事","The Club Name Nobody Understood","從讀者反應調整標示，區別熟悉與清楚。","10","6","https://alger68.github.io/JHSEE-English-Adventure/#lesson/153"
"154","解釋推論依據","日常生活","The Second Reminder at the Door","用位置與時機推論提醒效果。","10","6","https://alger68.github.io/JHSEE-English-Adventure/#lesson/154"
"155","解釋推論依據","對話／訊息","A Joke Without a Face","從訊息語氣、回應與補充線索判斷人物意思。","10","6","https://alger68.github.io/JHSEE-English-Adventure/#lesson/155"
"156","解釋推論依據","科普閱讀","The Damp Patch on the Wall","分辨觀察、可能原因與能區分假設的後續檢查。","10","6","https://alger68.github.io/JHSEE-English-Adventure/#lesson/156"
"157","解釋推論依據","公告／資訊閱讀","Student Voices: Recording Invitation","整合錄音活動的參與、同意與公開使用條件。","10","6","https://alger68.github.io/JHSEE-English-Adventure/#lesson/157"
"158","解釋推論依據","每週 Boss","Boss: Three Versions of the Same Interview","跨文本比較原話、節錄與標題是否保留原意。","15","9","https://alger68.github.io/JHSEE-English-Adventure/#lesson/158"
"159","解釋推論依據","單字與錯題復活","The Words That Changed the Message","複習語氣、假設及同意條件，找出改寫遺失的限制。","10","6","https://alger68.github.io/JHSEE-English-Adventure/#lesson/159"
"160","解釋推論依據","校園故事","The Part No One Applauded","由敘事細節推論人物價值觀與態度轉變。","10","6","https://alger68.github.io/JHSEE-English-Adventure/#lesson/160"
"161","解釋推論依據","日常生活","The Last Piece of Cake","比較人物表面行動、未說出的期待與溝通結果。","10","6","https://alger68.github.io/JHSEE-English-Adventure/#lesson/161"
"162","解釋推論依據","對話／訊息","Which River Photo Is Ours?","從群組對話辨識照片來源與文字配對錯誤。","10","6","https://alger68.github.io/JHSEE-English-Adventure/#lesson/162"
"163","解釋推論依據","科普閱讀","The Shade That Moved","依觀察時間理解測量結果的適用範圍。","10","6","https://alger68.github.io/JHSEE-English-Adventure/#lesson/163"
"164","解釋推論依據","公告／資訊閱讀","A Free Trial with a Return Date","閱讀借用體驗公告，區分免費使用與贈送。","10","6","https://alger68.github.io/JHSEE-English-Adventure/#lesson/164"
"165","解釋推論依據","每週 Boss","Boss: The Journey with Two Meeting Points","整合行程表與臨時訊息，判斷交通、集合及備案。","15","9","https://alger68.github.io/JHSEE-English-Adventure/#lesson/165"
"166","解釋推論依據","單字與錯題復活","Labels That Need Their Partners","複習來源、時間、所有權與交通詞彙的上下文限制。","10","6","https://alger68.github.io/JHSEE-English-Adventure/#lesson/166"
"167","解釋推論依據","校園故事","The Empty Chair in the Debate","比較辯論立場，推論缺席觀點及合理協商方式。","10","6","https://alger68.github.io/JHSEE-English-Adventure/#lesson/167"
"168","解釋推論依據","日常生活","A Gift with an Unfinished Story","從人物回憶推論物品的情感意義與故事主旨。","10","6","https://alger68.github.io/JHSEE-English-Adventure/#lesson/168"
"169","解釋推論依據","對話／訊息","The Reply Sent to the Wrong Group","根據對話追蹤訊息對象與更正後的安排。","10","6","https://alger68.github.io/JHSEE-English-Adventure/#lesson/169"
"170","解釋推論依據","科普閱讀","How Much Water Left the Cup?","比較測量精度，分辨相同讀數與完全相同的量。","10","6","https://alger68.github.io/JHSEE-English-Adventure/#lesson/170"
"171","解釋推論依據","公告／資訊閱讀","Borrow a Board Game, Keep the Pieces Together","整合借用清單、缺件通報與歸還程序。","10","6","https://alger68.github.io/JHSEE-English-Adventure/#lesson/171"
"172","解釋推論依據","每週 Boss","Boss: The Missing Page in the Report","結合調查方法、數據與提案，評估主張是否合理。","15","9","https://alger68.github.io/JHSEE-English-Adventure/#lesson/172"
"173","解釋推論依據","單字與錯題復活","The Review with Two Columns","複習誤傳、量測、檢查與調查範圍的閱讀線索。","10","6","https://alger68.github.io/JHSEE-English-Adventure/#lesson/173"
"174","解釋推論依據","校園故事","The Apology on the Noticeboard","由補救行動判斷道歉的誠意與敘事重點。","10","6","https://alger68.github.io/JHSEE-English-Adventure/#lesson/174"
"175","解釋推論依據","日常生活","The Bag Left Beside the Register","整合視角與行動，避免以片段觀察判定動機。","10","6","https://alger68.github.io/JHSEE-English-Adventure/#lesson/175"
"176","處理轉折與取捨","對話／訊息","Don't Tell Me How It Ends","從讀者回應推論訊息應保留及省略的內容。","10","6","https://alger68.github.io/JHSEE-English-Adventure/#lesson/176"
"177","處理轉折與取捨","科普閱讀","The Answer Box That Looked Too Small","比較作答版面、回答長度與內容品質，辨識可能影響。","10","6","https://alger68.github.io/JHSEE-English-Adventure/#lesson/177"
"178","處理轉折與取捨","公告／資訊閱讀","The Small Story Competition","整合投稿資格、字數與完成送件的明確條件。","10","6","https://alger68.github.io/JHSEE-English-Adventure/#lesson/178"
"179","處理轉折與取捨","每週 Boss","Boss: Four Entries at the Deadline","結合競賽規定與個別紀錄，判定資格及修訂結果。","15","9","https://alger68.github.io/JHSEE-English-Adventure/#lesson/179"
"180","處理轉折與取捨","單字與錯題復活","What the Confirmation Cannot Promise","複習揭露限制、標籤與送件規則，避免擴大文字含義。","10","6","https://alger68.github.io/JHSEE-English-Adventure/#lesson/180"
"181","處理轉折與取捨","校園故事","The Tutor Who Asked One More Question","由教學互動推論人物策略及學習成效的證據。","10","6","https://alger68.github.io/JHSEE-English-Adventure/#lesson/181"
"182","處理轉折與取捨","日常生活","The Postcard That Took the Long Way","追蹤時間線，推論實體物件與即時訊息的不同意義。","10","6","https://alger68.github.io/JHSEE-English-Adventure/#lesson/182"
"183","處理轉折與取捨","對話／訊息","A Photo for the Group Page","辨識不同用途的同意範圍並追蹤修改方案。","10","6","https://alger68.github.io/JHSEE-English-Adventure/#lesson/183"
"184","處理轉折與取捨","科普閱讀","The Silent Scene Experiment","比較相同畫面下不同背景資訊對解讀的影響。","10","6","https://alger68.github.io/JHSEE-English-Adventure/#lesson/184"
"185","處理轉折與取捨","公告／資訊閱讀","Listen to the Old Street","整合導覽使用方式、替代閱讀及路線安全條件。","10","6","https://alger68.github.io/JHSEE-English-Adventure/#lesson/185"
"186","處理轉折與取捨","每週 Boss","Boss: A Shorter Old Street Visit","結合路程時間、導覽內容與器材期限安排活動。","15","9","https://alger68.github.io/JHSEE-English-Adventure/#lesson/186"
"187","處理轉折與取捨","單字與錯題復活","The Condition Under the Main Sentence","複習同意範圍、解讀與時間餘裕，找出關鍵條件。","10","6","https://alger68.github.io/JHSEE-English-Adventure/#lesson/187"
"188","處理轉折與取捨","校園故事","A Different Kind of Team Captain","根據連續行動推論領導方式與人物成長。","10","6","https://alger68.github.io/JHSEE-English-Adventure/#lesson/188"
"189","處理轉折與取捨","日常生活","The Umbrella with the Bright Patch","從人物對物品的態度變化理解對比與象徵。","10","6","https://alger68.github.io/JHSEE-English-Adventure/#lesson/189"
"190","處理轉折與取捨","對話／訊息","Whose Words Are in the Review?","區分直接引語、改寫與群體立場的歸屬。","10","6","https://alger68.github.io/JHSEE-English-Adventure/#lesson/190"
"191","處理轉折與取捨","科普閱讀","Fast Sorting, Careful Sorting","結合完成時間與錯誤數判讀活動表現。","10","6","https://alger68.github.io/JHSEE-English-Adventure/#lesson/191"
"192","處理轉折與取捨","公告／資訊閱讀","The Saturday Skill Exchange","閱讀技能交換規則，分辨點數用途與參與條件。","10","6","https://alger68.github.io/JHSEE-English-Adventure/#lesson/192"
"193","處理轉折與取捨","每週 Boss","Boss: Planning a Skill-Swap Afternoon","整合點數、完成紀錄與課程時間衝突。","15","9","https://alger68.github.io/JHSEE-English-Adventure/#lesson/193"
"194","處理轉折與取捨","單字與錯題復活","From One Comment to a Whole Claim","複習來源歸屬、誤差與資格，練習限制推論範圍。","10","6","https://alger68.github.io/JHSEE-English-Adventure/#lesson/194"
"195","處理轉折與取捨","校園故事","The Plant with Two Watering Signs","整合事件順序與規則更新，推論合作失誤原因。","10","6","https://alger68.github.io/JHSEE-English-Adventure/#lesson/195"
"196","處理轉折與取捨","日常生活","Four Servings and a Smaller Bowl","理解食譜份量與用量比例，辨識不能直接推得的資訊。","10","6","https://alger68.github.io/JHSEE-English-Adventure/#lesson/196"
"197","處理轉折與取捨","對話／訊息","I Can Help, If We Finish by Four","辨識承諾的條件及對話中未被接受的部分。","10","6","https://alger68.github.io/JHSEE-English-Adventure/#lesson/197"
"198","處理轉折與取捨","科普閱讀","The Timer That Started at Three","區分顯示讀數與經過時間，依共同起訖點比較。","10","6","https://alger68.github.io/JHSEE-English-Adventure/#lesson/198"
"199","處理轉折與取捨","公告／資訊閱讀","Twenty Minutes of Actual Reading","區分閱讀活動時長、休息時間與徽章取得條件。","10","6","https://alger68.github.io/JHSEE-English-Adventure/#lesson/199"
"200","處理轉折與取捨","每週 Boss","Boss: Reading Time and Library Time","整合閱讀紀錄、休息及每日門檻，辨識徽章意義。","15","9","https://alger68.github.io/JHSEE-English-Adventure/#lesson/200"
"201","處理轉折與取捨","單字與錯題復活","A Number Needs Its Definition","複習時間界限、相減及有效閱讀，核對數字代表的量。","10","6","https://alger68.github.io/JHSEE-English-Adventure/#lesson/201"
"202","處理轉折與取捨","校園故事","The Story Behind an Unfinished Model","依人物行動推論未完成作品的意義與評量重點。","10","6","https://alger68.github.io/JHSEE-English-Adventure/#lesson/202"
"203","處理轉折與取捨","日常生活","The Shortcut Through a Memory","比較熟悉記憶與現場資訊，推論改變決策的原因。","10","6","https://alger68.github.io/JHSEE-English-Adventure/#lesson/203"
"204","處理轉折與取捨","對話／訊息","Does 'Maybe' Mean We Decided?","區分建議、討論與正式決定，追蹤對話共識。","10","6","https://alger68.github.io/JHSEE-English-Adventure/#lesson/204"
"205","處理轉折與取捨","科普閱讀","Counting the Same Model Bird Twice","依觀察單位判斷數量，區分目擊次數與不同個體。","10","6","https://alger68.github.io/JHSEE-English-Adventure/#lesson/205"
"206","處理轉折與取捨","公告／資訊閱讀","The Museum's Fictional Missing Key","閱讀遊戲公告，辨識虛構情境及尋找線索的規則。","10","6","https://alger68.github.io/JHSEE-English-Adventure/#lesson/206"
"207","處理轉折與取捨","每週 Boss","Boss: Where the Story's Key Was Left","交叉比對明確線索與不確定回憶，排除不符地點。","15","9","https://alger68.github.io/JHSEE-English-Adventure/#lesson/207"
"208","處理轉折與取捨","單字與錯題復活","All Three Clues Must Fit","複習假設、計數單位與線索條件，檢查答案完整性。","10","6","https://alger68.github.io/JHSEE-English-Adventure/#lesson/208"
"209","處理轉折與取捨","校園故事","A Window in the Last Line","以敘事上下文理解象徵語句與人物情緒轉折。","10","6","https://alger68.github.io/JHSEE-English-Adventure/#lesson/209"
"210","處理轉折與取捨","日常生活","The Space Left Empty in the Suitcase","推論物品安排反映的經驗與人物決策。","10","6","https://alger68.github.io/JHSEE-English-Adventure/#lesson/210"
"211","綜合練習與修正","對話／訊息","The Date with a Question Mark","辨識暫定資訊與確定安排，推論標記的功能。","10","6","https://alger68.github.io/JHSEE-English-Adventure/#lesson/211"
"212","綜合練習與修正","科普閱讀","Blank Hours on the Weather Sheet","區分未記錄與數值零，判斷缺失資料的影響。","10","6","https://alger68.github.io/JHSEE-English-Adventure/#lesson/212"
"213","綜合練習與修正","公告／資訊閱讀","Choose Up to Two Workshop Topics","理解多選投票規則及票數與人數的差異。","10","6","https://alger68.github.io/JHSEE-English-Adventure/#lesson/213"
"214","綜合練習與修正","每週 Boss","Boss: Seventy Selections from Fifty Students","統整多選調查數據、填答人數與可支持的結論。","15","9","https://alger68.github.io/JHSEE-English-Adventure/#lesson/214"
"215","綜合練習與修正","單字與錯題復活","The Missing Mark and the Missing Number","複習暫定、空白與未排序資料，避免自行補足未知。","10","6","https://alger68.github.io/JHSEE-English-Adventure/#lesson/215"
"216","綜合練習與修正","校園故事","Disagreeing with a Friend's Proposal","從對話與行動區分意見批評及人際否定。","10","6","https://alger68.github.io/JHSEE-English-Adventure/#lesson/216"
"217","綜合練習與修正","日常生活","Do You Want Advice or a Listener?","理解談話目的與回應方式如何配合對方需求。","10","6","https://alger68.github.io/JHSEE-English-Adventure/#lesson/217"
"218","綜合練習與修正","對話／訊息","The Run That Needed No Running","利用對話及任務描述推測片語的非字面意思。","10","6","https://alger68.github.io/JHSEE-English-Adventure/#lesson/218"
"219","綜合練習與修正","科普閱讀","The Shorter Plant That Grew More","區分期末數值與變化量，連同起點比較成長。","10","6","https://alger68.github.io/JHSEE-English-Adventure/#lesson/219"
"220","綜合練習與修正","公告／資訊閱讀","The Seed Library Is an Invitation","辨識贈與、回饋邀請及包裝說明中的條件。","10","6","https://alger68.github.io/JHSEE-English-Adventure/#lesson/220"
"221","綜合練習與修正","每週 Boss","Boss: A Packet for the Narrow Balcony","跨標籤整合最小需求、可用空間與重新測量條件。","15","9","https://alger68.github.io/JHSEE-English-Adventure/#lesson/221"
"222","綜合練習與修正","單字與錯題復活","Minimum Does Not Mean Maximum","複習演練、成長量及最低門檻，精準判讀限制詞。","10","6","https://alger68.github.io/JHSEE-English-Adventure/#lesson/222"
"223","綜合練習與修正","校園故事","The Promise in Last Year's Envelope","比較前後書面紀錄，推論學習進展與目標修訂。","10","6","https://alger68.github.io/JHSEE-English-Adventure/#lesson/223"
"224","綜合練習與修正","日常生活","The Queue with Two Different Signs","整合取件與諮詢流程，推論不同等候順序的原因。","10","6","https://alger68.github.io/JHSEE-English-Adventure/#lesson/224"
"225","綜合練習與修正","對話／訊息","One Screenshot, Two Different Months","核對截圖日期、適用期間與原始公告版本。","10","6","https://alger68.github.io/JHSEE-English-Adventure/#lesson/225"
"226","綜合練習與修正","科普閱讀","A Larger Picture Is Not More Detail","辨識影像放大與新增證據的差異。","10","6","https://alger68.github.io/JHSEE-English-Adventure/#lesson/226"
"227","綜合練習與修正","公告／資訊閱讀","The Last-Bus Notice Has Two Lines","整合日期、方向及附註，避免只取醒目時間。","10","6","https://alger68.github.io/JHSEE-English-Adventure/#lesson/227"
"228","綜合練習與修正","每週 Boss","Boss: Getting Home after the Festival","結合活動結束、步行時間、方向及日期規則安排回程。","15","9","https://alger68.github.io/JHSEE-English-Adventure/#lesson/228"
"229","綜合練習與修正","單字與錯題復活","The Date Above the Large Number","複習來源適用性、影像可讀性與交通方向條件。","10","6","https://alger68.github.io/JHSEE-English-Adventure/#lesson/229"
"230","綜合練習與修正","校園故事","The Question after the Final Slide","由簡報後的問答推論理解深度與適當回應。","10","6","https://alger68.github.io/JHSEE-English-Adventure/#lesson/230"
"231","綜合練習與修正","日常生活","The Return Trip without a Souvenir","理解人物目標的改變，依結尾行動推論主旨。","10","6","https://alger68.github.io/JHSEE-English-Adventure/#lesson/231"
"232","綜合練習與修正","對話／訊息","Finished Reading, Finished Answering","辨識同一句完成回報在不同任務中的指涉。","10","6","https://alger68.github.io/JHSEE-English-Adventure/#lesson/232"
"233","綜合練習與修正","科普閱讀","The Confidence Box beside the Answer","比較信心與正確性，從回饋辨識需要重查的判斷。","10","6","https://alger68.github.io/JHSEE-English-Adventure/#lesson/233"
"234","綜合練習與修正","公告／資訊閱讀","Practice Paper Evening: Read This First","整合練習時段、作答規則與批改流程。","10","6","https://alger68.github.io/JHSEE-English-Adventure/#lesson/234"
"235","綜合練習與修正","每週 Boss","Boss: Two Answers and Two Reasons","整合練習時間線、作答變更與分數解讀限制。","15","9","https://alger68.github.io/JHSEE-English-Adventure/#lesson/235"
"236","綜合練習與修正","單字與錯題復活","Why the First Answer Still Matters","複習完成狀態、信心與修改證據，規劃後續練習。","10","6","https://alger68.github.io/JHSEE-English-Adventure/#lesson/236"
"237","綜合練習與修正","校園故事","Two Scores from Different Papers","比較分數時考慮題數、難度與技能構成。","10","6","https://alger68.github.io/JHSEE-English-Adventure/#lesson/237"
"238","綜合練習與修正","日常生活","The Small Task That Finally Started","從行動順序推論目標拆分如何影響人物行為。","10","6","https://alger68.github.io/JHSEE-English-Adventure/#lesson/238"
"239","完成後繼續運用","對話／訊息","The Same Answer with a Different Letter","比對題本版本及選項內容，避免只憑答案字母判斷。","10","6","https://alger68.github.io/JHSEE-English-Adventure/#lesson/239"
"240","完成後繼續運用","科普閱讀","The Hundred Percent Success Poster","連同比例、次數與測試條件判讀百分比宣稱。","10","6","https://alger68.github.io/JHSEE-English-Adventure/#lesson/240"
"241","完成後繼續運用","公告／資訊閱讀","Final Practice Room Choices","整合練習場次、材料版本及進場規定。","10","6","https://alger68.github.io/JHSEE-English-Adventure/#lesson/241"
"242","完成後繼續運用","每週 Boss","Boss: A Session before the Train","整合可抵達時間、場次、討論及離開期限。","15","9","https://alger68.github.io/JHSEE-English-Adventure/#lesson/242"
"243","完成後繼續運用","單字與錯題復活","Compare the Meaning, Then the Number","複習版本、比例及完整時間區塊，整合比較條件。","10","6","https://alger68.github.io/JHSEE-English-Adventure/#lesson/243"
"244","完成後繼續運用","校園故事","A Letter to Next Year's Reader","從建議信推論寫作目的、對象與可操作的閱讀方法。","10","6","https://alger68.github.io/JHSEE-English-Adventure/#lesson/244"
"245","完成後繼續運用","日常生活","The Map Drawn from Your Own Door","從接收者視角檢查指示，辨識依賴共享背景的語句。","10","6","https://alger68.github.io/JHSEE-English-Adventure/#lesson/245"
"246","完成後繼續運用","對話／訊息","The Answer We Changed for a Reason","從同儕討論判斷改答是否依據文本而非人數。","10","6","https://alger68.github.io/JHSEE-English-Adventure/#lesson/246"
"247","完成後繼續運用","科普閱讀","The Result We Could Not Repeat Yet","分辨單次成果、重複觀察與仍待查明的原因。","10","6","https://alger68.github.io/JHSEE-English-Adventure/#lesson/247"
"248","完成後繼續運用","公告／資訊閱讀","Bring One Reading Discovery","閱讀成果分享公告，區分參與材料、分享內容與成績宣稱。","10","6","https://alger68.github.io/JHSEE-English-Adventure/#lesson/248"
"249","完成後繼續運用","每週 Boss","Final Boss: The Reading Fair Report","統整公告、分享紀錄與報導草稿，辨識證據支持的結論。","15","9","https://alger68.github.io/JHSEE-English-Adventure/#lesson/249"
"250","完成後繼續運用","單字與錯題復活","The Next Page Is Yours","總複習證據、範圍與學習遷移，建立完成課程後的練習方式。","10","6","https://alger68.github.io/JHSEE-English-Adventure/#lesson/250"
